area,cp.ratio
11.051,2.559758
13.865,2.816834
22.514,2.957259
32.81,3.422318
33.771,3.49661
31.094,3.75127
53.608,4.549102
62.6,4.682207
81.064,6.852735
66.512,6.982572
106.873,10.90625
100.558,11.255759
113.325,11.104895
140.918,18.299625
